feature,gloss
الملف الاجتماعي,social case file
2023,year
الملف الشرعي,personal-status case file
الملف التجاري,commercial case file
الملف الاداري,administrative case file
الملف المدني,civil case file
الاداريه,administrative
النخيل,Annakhil (Court address)
التجاري,commercial
مستنتجاته,his submissions
الاداري,administrative
ملاحظات المحامي,Adv. General's observations
التجاريه,commercial
الساده,Messrs (bench list)
الرياض,Riad (Court address)
المحكمه الاداريه,administrative court
الاستيناف التجاريه,commercial appeal
المرني,civil (OCR variant)
الغرفه الاداريه,administrative chamber
الاجتماعي,social
الشغل,labour
قضت محكمه,the Court ruled
num الصادر,issued
امام court,before
علي طلب,upon request
المصاريف,costs
الملف وبناء,the file and pursuant to
بمقال,by petition
شان,regarding
الملف والقرار,the file and the decision
المسطره الجناييه,criminal procedure
بدعوي,by action
court بالرباط,in Rabat
علي القرار,against the decision
النقض,cassation
محكمه الاستيناف,court of appeal
عدد,no.
النقض رقم,cassation no.
المودع بتاريخ,filed on
